file_name,taken_at,width,height
1283_0028.jpg,,2075,3130
2306_0004.jpg,2025-04-29,3107,2083
2306_0010.jpg,2025-04-29,3107,2083
2403_0011.jpg,,2751,1830
2403_0024.jpg,,2751,1830
2403_0031.jpg,,1829,2749
2403_0035.jpg,,1830,2725
2694_0026.JPG,,2751,1830
2782_0012.jpg,2025-07-11,2751,1830
3806_0009.jpg,,2751,1830
3806_0011.jpg,,2751,1830
3806_0015.jpg,,2751,1830
IMG_0087.jpg,2025-05-27,2592,1728
IMG_0091.jpg,2025-05-27,2592,1728
IMG_0096.jpg,2025-05-27,2592,1728
IMG_0132.jpg,2025-05-27,2592,1728
IMG_0217.jpg,2025-04-02,1728,2592
IMG_0512.jpg,2025-02-18,5184,3456
IMG_0528.JPG,2025-04-13,2730,4095
IMG_0554.jpg,2025-02-20,3456,5184
IMG_3521-2.jpeg,2024-08-08,5472,3648
IMG_3526-2.jpeg,2024-08-08,3648,5472
IMG_3539-2.jpeg,2024-08-08,3648,5472
IMG_3546-2.jpeg,2024-08-08,3648,5472
IMG_3583-2.jpeg,2024-08-08,5472,3648
IMG_3636-2.jpeg,2024-08-08,5003,3175
IMG_3639-2.jpeg,2024-08-08,4812,3648
IMG_3695-2.jpg,2024-08-15,5113,3648
IMG_3701-2.jpg,2024-08-15,5472,3648
IMG_3729-2.jpg,2024-08-15,3648,5472
IMG_3845-2.jpeg,2024-08-25,5472,3558
IMG_3864-2.jpeg,2024-08-25,5472,3648
IMG_3894-2.jpeg,2024-08-25,5472,3648
IMG_3918-2.jpeg,2024-08-25,3648,5472
IMG_4180.jpeg,2024-09-20,5472,3648
IMG_5020 Large.jpg,2025-02-11,853,1280
IMG_5249.jpg,2025-03-27,5184,2581
IMG_5339.jpg,2025-03-27,5184,3456
IMG_5352.jpg,2025-05-04,2811,4091
IMG_5367.jpg,2025-03-27,5184,2912
IMG_5375.jpg,2025-05-04,3072,5076
IMG_5491.jpg,2025-05-17,5472,3648
IMG_5524.jpg,2025-05-17,3648,5472
IMG_5606.jpg,2025-06-05,5472,3648
IMG_5619.jpg,2025-06-05,5472,3648
IMG_5622.jpg,2025-06-05,5472,3648
IMG_5747.jpg,2025-06-05,1728,2592
IMG_5778.jpg,2025-06-05,1728,2592
IMG_5789.jpg,2025-06-05,2592,1728
IMG_5812.jpg,2025-06-05,1728,2592
IMG_5832.jpg,2025-06-05,2592,1728
IMG_5857.jpg,2025-06-05,1795,901
IMG_5869.jpg,2025-06-24,3072,5472
IMG_5879.jpg,2025-06-24,3072,5472
IMG_5924.jpg,2025-06-24,2810,5005
IMG_5957-2.jpg,2025-06-19,1728,2592
IMG_6066.jpg,2025-06-26,1728,2592
IMG_6155.JPG,2025-07-01,5472,3072
IMG_6348.jpg,2025-07-18,3456,5184
IMG_6360.jpg,2025-07-18,3456,5184
IMG_6381.jpg,2025-07-18,3456,5184
IMG_6419.jpg,2025-07-31,5024,2822
IMG_6480.jpg,2025-07-31,2912,5184
IMG_6537.jpg,2025-07-31,5184,2912
IMG_6611-3.jpg,2025-12-15,1216,2048
IMG_6629 copy.jpg,2025-12-23,3456,5184
IMG_6653.JPG,2025-12-23,3456,5184
IMG_6667 copy.jpg,2025-12-23,3456,5184
IMG_6709.jpg,2025-08-02,2048,1365
IMG_6761.jpg,2025-08-03,5001,3334
IMG_6786.jpg,2025-08-03,5184,3456
IMG_6787.jpg,2025-08-03,5184,3456
IMG_6809.jpg,2025-08-03,5184,3456
IMG_6819.jpg,2025-08-03,5184,3456
IMG_9728.jpg,2025-02-14,5184,3456
IMG_9788.jpg,2025-02-14,5184,3456
IMG_9814.jpg,2025-03-19,3456,5184
IMG_9840.jpg,2025-03-19,5184,3456
IMG_9844.jpg,2025-05-07,1728,2592
IMG_9878.jpg,2025-05-07,2592,1728
IMG_9908.jpg,2025-05-07,2592,1728
IMG_9914.jpg,2025-05-07,2364,1674
_MG_0604.jpg,2025-04-30,4000,6000
_MG_9984.jpg,2025-03-20,6000,4000
film (1).jpeg,,735,1057
film (10).jpeg,,735,490
film (11).jpeg,,735,490
film (2).jpeg,,735,490
film (3).jpeg,,735,490
film (4).jpeg,,736,1104
film (5).jpeg,,735,490
film (7).jpeg,,735,490
film (8).jpeg,,735,490
film.jpeg,,736,1104
